gse,gpl
GSE136021,GPL19756
GSE136056,GPL13821
GSE136056,GPL22715
GSE125843,GPL19756
GSE137021,GPL13821
GSE137091,GPL18249
GSE137151,GPL17143
GSE137632,GPL27477
GSE137881,GPL19756
GSE138023,GPL18249
GSE138023,GPL19756
GSE138256,GPL18334
GSE138363,GPL18249
GSE138465,GPL19756
GSE138557,GPL21656
GSE138559,GPL19756
GSE138599,GPL17342
GSE138750,GPL17143
GSE139036,GPL17342
GSE139036,GPL23014
GSE139036,GPL27812
GSE139097,GPL21656
GSE139130,GPL17342
GSE139132,GPL17342
GSE139266,GPL13821
GSE140352,GPL27752
GSE140354,GPL27752
GSE140353,GPL27752
GSE140504,GPL17342
GSE141029,GPL26302
GSE141069,GPL26171
GSE142182,GPL17342
GSE135526,GPL13821
GSE135526,GPL22715
GSE135526,GPL26302
GSE142183,GPL17342
GSE142457,GPL19756
GSE142839,GPL21656
GSE143236,GPL21656
GSE143292,GPL21656
GSE144835,GPL23014
GSE145162,GPL17342
GSE145206,GPL17143
GSE145206,GPL21656
GSE145936,GPL17342
GSE146368,GPL19756
GSE146791,GPL13821
GSE147008,GPL25927
GSE147284,GPL19756
GSE134295,GPL17342
GSE134295,GPL21656
GSE148166,GPL19756
GSE148674,GPL19756
GSE149803,GPL19756
GSE150375,GPL17342
GSE150790,GPL27812
GSE150804,GPL21656
GSE150828,GPL17342
GSE150829,GPL17342
GSE151185,GPL19756
GSE151196,GPL19756
GSE151606,GPL17342
GSE151729,GPL13821
GSE151785,GPL19756
GSE151786,GPL19756
GSE151898,GPL19756
GSE153539,GPL21656
GSE153930,GPL21656
GSE153945,GPL17342
GSE154212,GPL27812
GSE154515,GPL19756
GSE154515,GPL28878
GSE154643,GPL19756
GSE155701,GPL21656
GSE155878,GPL19756
GSE155989,GPL19756
GSE155998,GPL26302
GSE156817,GPL23014
GSE158548,GPL13821
GSE159575,GPL29253
GSE159835,GPL29267
GSE81531,GPL19756
GSE86448,GPL17342
GSE107492,GPL17342
GSE108193,GPL13821
GSE108608,GPL19756
GSE110326,GPL13821
GSE114899,GPL13821
GSE115013,GPL21656
GSE115023,GPL21656
GSE115014,GPL21656
GSE117601,GPL19756
GSE117624,GPL19756
GSE118758,GPL19756
GSE119114,GPL13821
GSE119134,GPL13821
GSE119134,GPL19756
GSE119237,GPL13821
GSE119238,GPL13821
GSE120019,GPL13821
GSE125684,GPL21656
GSE126236,GPL13821
GSE127178,GPL19756
GSE127851,GPL19756
GSE128578,GPL21656
GSE128905,GPL21656
GSE129898,GPL17143
GSE130549,GPL17342
GSE78136,GPL17342
GSE131176,GPL26302
GSE131214,GPL21656
GSE131389,GPL13821
GSE131797,GPL13821
GSE131807,GPL25927
GSE132425,GPL17143
GSE132425,GPL17342
GSE132973,GPL13821
GSE133004,GPL17342
GSE133136,GPL17342
GSE133214,GPL17342
GSE133457,GPL19756
GSE134152,GPL13821
GSE134774,GPL23014
GSE134987,GPL13821
GSE135336,GPL21656
GSE135470,GPL17342
GSE135473,GPL18085
GSE135826,GPL19756
