GSE_ID,GPL_ID,SRR_ID
GSE136387,GPL18694,SRR10024774 SRR10024775 SRR10024776 SRR10024777
GSE136659,GPL18694,SRR10037356 SRR10037357 SRR10037358 SRR10037359
GSE136670,GPL18694,SRR10044615 SRR10044616 SRR10044617 SRR10044618
GSE137118,GPL18694,SRR10087344 SRR10087345 SRR10087346 SRR10087347 SRR10087348 SRR10087349 SRR10087350 SRR10087351 SRR10087352 SRR10087353 SRR10087354 SRR10087355 SRR10087356 SRR10087357 SRR10087358 SRR10087359 SRR10087360 SRR10087361 SRR10087362 SRR10087363 SRR10087364 SRR10087365 SRR10087366 SRR10087367 SRR10087368 SRR10087369 SRR10087370 SRR10087371 SRR10087372 SRR10087373 SRR10087374 SRR10087375 SRR10087376 SRR10087377 SRR10087378 SRR10087379
GSE137217,GPL22396,SRR10096226 SRR10096227 SRR10096228 SRR10096229 SRR10096230 SRR10096231 SRR10096232 SRR10096233 SRR10096234 SRR10096235 SRR10096236 SRR10096237 SRR10096238 SRR10096239 SRR10096240 SRR10096241 SRR10096242 SRR10096243 SRR10096244 SRR10096245 SRR10096246 SRR10096247 SRR10096248 SRR10096249 SRR10096250 SRR10096251 SRR10096252 SRR10096253 SRR10096254 SRR10096255 SRR10096256 SRR10096257 SRR10096258 SRR10096259 SRR10096260 SRR10096261 SRR10096262 SRR10096263 SRR10096264 SRR10096265 SRR10096266 SRR10096267 SRR10096268 SRR10096269 SRR10096270 SRR10096271 SRR10096272 SRR10096273
GSE137326,GPL24688,SRR10103777 SRR10103778 SRR10103779 SRR10103780 SRR10103781 SRR10103782
GSE137473,GPL20084,SRR10123564 SRR10123565 SRR10123566 SRR10123567 SRR10123568 SRR10123569 SRR10123570 SRR10123571 SRR10123572 SRR10123573 SRR10123574 SRR10123575 SRR10123576 SRR10123577 SRR10123578 SRR10123579 SRR10123580 SRR10123581 SRR10123582 SRR10123583 SRR10123584 SRR10123585 SRR10123586 SRR10123587
GSE137473,GPL22396,SRR11470760 SRR11470761 SRR11470762 SRR11470763 SRR11470764 SRR11470765
GSE137568,GPL18694,SRR10131210 SRR10131211 SRR10131212 SRR10131213 SRR10131214 SRR10131215
GSE137641,GPL18694,SRR10136830 SRR10136831 SRR10136832 SRR10136833 SRR10136834 SRR10136835
GSE137643,GPL18694,SRR10136830 SRR10136831 SRR10136832 SRR10136833 SRR10136834 SRR10136835
GSE137988,GPL22396,SRR10182255 SRR10182256 SRR10182257 SRR10182258 SRR10182259 SRR10182260 SRR10182261 SRR10182262 SRR10182263 SRR10182264 SRR10182265 SRR10182266 SRR10182267 SRR10182268 SRR10182269 SRR10182270 SRR10182271 SRR10182272 SRR10182273 SRR10182274 SRR10182275 SRR10182276 SRR10182277 SRR10182278
GSE138275,GPL22396,SRR10212240 SRR10212241 SRR10212242 SRR10212243 SRR10212244 SRR10212245 SRR10212246 SRR10212247 SRR10212248 SRR10212249 SRR10212250 SRR10212251
GSE138472,GPL18694,SRR10237174 SRR10237175 SRR10237176 SRR10237177 SRR10237178 SRR10237179 SRR10237180 SRR10237181 SRR10237182 SRR10237183 SRR10237184 SRR10237185
GSE138624,GPL22396,SRR10250642 SRR10250643 SRR10250644 SRR10250645 SRR10250646 SRR10250647 SRR10250648 SRR10250649 SRR10250650 SRR10250651 SRR10250652 SRR10250653 SRR10250654 SRR10250655 SRR10250656 SRR10250657
GSE138637,GPL18404,SRR10251520 SRR10251521 SRR10251522 SRR10251523 SRR10251524 SRR10251525 SRR10251526 SRR10251527 SRR10251528 SRR10251529 SRR10251530 SRR10251531
GSE138966,GPL22396,SRR10294014 SRR10294015 SRR10294016 SRR10294017 SRR10294018 SRR10294019
GSE139147,GPL25947,SRR10316400 SRR10316401 SRR10316402 SRR10316403 SRR10316404 SRR10316405
GSE139321,GPL25947,SRR10340932 SRR10340933 SRR10340934 SRR10340935 SRR10340936 SRR10340937
GSE139318,GPL20084,SRR10340944
GSE139561,GPL18694,SRR10360386 SRR10360387 SRR10360388 SRR10360389 SRR10360390 SRR10360391 SRR10360392 SRR10360393 SRR10360394 SRR10360395 SRR10360396 SRR10360397
GSE139953,GPL22396,SRR10401882 SRR10401883 SRR10401884 SRR10401885 SRR10401886 SRR10401887 SRR10401888 SRR10401889 SRR10401890 SRR10401891 SRR10401892 SRR10401893 SRR10401894 SRR10401895 SRR10401896 SRR10401897 SRR10401898 SRR10401899 SRR10401900 SRR10401901 SRR10401902 SRR10401903 SRR10401904 SRR10401905 SRR10401906 SRR10401907 SRR10401908
GSE140146,GPL22396,SRR10423182 SRR10423183 SRR10423184 SRR10423185 SRR10423186 SRR10423187 SRR10423188 SRR10423189 SRR10423190 SRR10423191 SRR10423192 SRR10423193 SRR10423194 SRR10423195 SRR10423196 SRR10423197 SRR10423198 SRR10423199 SRR10423200 SRR10423201 SRR10423202 SRR10423203 SRR10423204 SRR10423205 SRR10423206 SRR10423207 SRR10423208 SRR10423209 SRR10423210 SRR10423211 SRR10423212 SRR10423213 SRR10423214 SRR10423215 SRR10423216 SRR10423217 SRR10423218 SRR10423219 SRR10423220 SRR10423221 SRR10423222 SRR10423223 SRR10423224 SRR10423225 SRR10423226 SRR10423227 SRR10423228 SRR10423229 SRR10423230 SRR10423231 SRR10423232 SRR10423233 SRR10423234 SRR10423235
GSE140162,GPL11282,SRR10423386 SRR10423387 SRR10423388 SRR10423389 SRR10423390 SRR10423391
GSE140287,GPL14844,SRR10435326 SRR10435327 SRR10435328 SRR10435329 SRR10435330 SRR10435331 SRR10435332 SRR10435333 SRR10435334 SRR10435335
GSE140599,GPL14844,SRR10435326 SRR10435327 SRR10435328 SRR10435329 SRR10435330 SRR10435331 SRR10435332 SRR10435333 SRR10435334 SRR10435335 SRR10487047 SRR10487048 SRR10487049 SRR10487050 SRR10487051 SRR10487052 SRR10487053 SRR10487054 SRR10487019 SRR10487020 SRR10487021 SRR10487022 SRR10487023 SRR10487024 SRR10487025 SRR10487026 SRR10487027 SRR10487028 SRR10487029 SRR10487030 SRR10487031 SRR10487032 SRR10487033 SRR10487034 SRR10487035 SRR10487036
GSE140298,GPL22396,SRR10439490 SRR10439491 SRR10439492 SRR10439493
GSE140420,GPL19482,SRR10447040 SRR10447041 SRR10447042 SRR10447043 SRR10447044 SRR10447045 SRR10447046 SRR10447047 SRR10447048 SRR10447049 SRR10447050 SRR10447051 SRR10447052 SRR10447053 SRR10447054 SRR10447056 SRR10447057 SRR10447058 SRR10447059 SRR10447060 SRR10447061 SRR10447062 SRR10447063 SRR10447064 SRR10447065 SRR10447066 SRR10447067 SRR10447068 SRR10447069 SRR10447071 SRR10447072 SRR10447073 SRR10447074 SRR10447075 SRR10447077 SRR10447078 SRR10447079 SRR10447080 SRR10447081 SRR10447082 SRR10447083 SRR10447084 SRR10447085 SRR10447086 SRR10447087
GSE140420,GPL27757,SRR10447055 SRR10447070 SRR10447076 SRR10447089 SRR10447090 SRR10447091 SRR10447092 SRR10447093 SRR10447094 SRR10447095 SRR10447096 SRR10447097 SRR10447098 SRR10447099 SRR10447100 SRR10447101 SRR10447102 SRR10447103 SRR10447104 SRR10447105 SRR10447106 SRR10447107 SRR10447108 SRR10447109 SRR10447110 SRR10447111 SRR10447112 SRR10447113 SRR10447114 SRR10447115 SRR10447116 SRR10447117 SRR10447118 SRR10447119 SRR10447120 SRR10447121 SRR10447122 SRR10447123 SRR10447124
GSE140598,GPL14844,SRR10487019 SRR10487020 SRR10487021 SRR10487022 SRR10487023 SRR10487024 SRR10487025 SRR10487026 SRR10487027 SRR10487028 SRR10487029 SRR10487030 SRR10487031 SRR10487032 SRR10487033 SRR10487034 SRR10487035 SRR10487036
GSE140597,GPL14844,SRR10487047 SRR10487048 SRR10487049 SRR10487050 SRR10487051 SRR10487052 SRR10487053 SRR10487054
GSE142087,GPL11282,SRR10702886 SRR10702887 SRR10702888 SRR10702889 SRR10702890 SRR10702891 SRR10702892 SRR10702893 SRR10702894 SRR10702895
GSE142364,GPL20084,SRR10741075 SRR10741076 SRR10741077 SRR10741078 SRR10741079 SRR10741080 SRR10741081 SRR10741082 SRR10741083
GSE142366,GPL20084,SRR10741075 SRR10741076 SRR10741077 SRR10741078 SRR10741079 SRR10741080 SRR10741081 SRR10741082 SRR10741083
GSE142476,GPL18694,SRR10752345 SRR10752346 SRR10752347 SRR10752348 SRR10752349 SRR10752350 SRR10752351 SRR10752352 SRR10752353
GSE142478,GPL18694,SRR10752354 SRR10752355 SRR10752356 SRR10752357 SRR10752358 SRR10752359 SRR10752360 SRR10752361 SRR10752362 SRR10752363 SRR10752364 SRR10752365 SRR10752366 SRR10752367 SRR10752368 SRR10752369 SRR10752370 SRR10752371 SRR10752372 SRR10752373 SRR10752374 SRR10752375 SRR10752376 SRR10752377 SRR10752378 SRR10752379 SRR10752380 SRR10752381 SRR10752382 SRR10752383 SRR10752384 SRR10752385 SRR10752386 SRR10752387 SRR10752388 SRR10752389 SRR10752390 SRR10752391 SRR10752392 SRR10752393
GSE142541,GPL25947,SRR10760763 SRR10760764
GSE142617,GPL22396,SRR10768928 SRR10768929 SRR10768930 SRR10768931 SRR10768932 SRR10768933
GSE143327,GPL24688,SRR10854618 SRR10854619 SRR10854620 SRR10854621 SRR10854622 SRR10854623
GSE143751,GPL19052,SRR10900608 SRR10900609 SRR10900610 SRR10900611 SRR10900612 SRR10900613 SRR10900614 SRR10900615 SRR10900616 SRR10900617 SRR10900618 SRR10900619
GSE143895,GPL23945,SRR10910874 SRR10910875 SRR10910876 SRR10910877 SRR10910878
GSE144027,GPL22396,SRR10920082 SRR10920083
GSE144276,GPL14844,SRR10969424 SRR10969425 SRR10969426 SRR10969427 SRR10969428 SRR10969429
GSE144548,GPL24688,SRR10990565 SRR10990566 SRR10990567 SRR10990568 SRR10990569 SRR10990570 SRR10990571 SRR10990572 SRR10990573 SRR10990574 SRR10990575 SRR10990576 SRR10990577 SRR10990578 SRR10990579 SRR10990580 SRR10990581 SRR10990582
GSE144606,GPL20084,SRR10994811 SRR10994812 SRR10994813 SRR10994814 SRR10994815 SRR10994816 SRR10994817 SRR10994818 SRR10994819 SRR10994820 SRR10994821 SRR10994822
GSE144219,GPL18694,SRR11026115 SRR11026116 SRR11026117 SRR11026118 SRR11026119 SRR11026120 SRR11026121 SRR11026122 SRR11026123 SRR11026124 SRR11026125 SRR11026126 SRR11026127 SRR11026128 SRR11026129 SRR11026130 SRR11026131 SRR11026132 SRR11026133 SRR11026134
GSE144974,GPL18694,SRR11044151 SRR11044152 SRR11044153 SRR11044154
GSE145167,GPL20084,SRR11073233 SRR11073234 SRR11073235 SRR11073236 SRR11073237 SRR11073238
GSE145431,GPL14844,SRR11100017 SRR11100018 SRR11100019 SRR11100020 SRR11100021 SRR11100022
GSE145504,GPL23945,SRR11107303 SRR11107304 SRR11107305 SRR11107306 SRR11107307 SRR11107308 SRR11107309 SRR11107310
GSE145882,GPL25947,SRR11177838 SRR11177839 SRR11177840 SRR11177841 SRR11177842 SRR11177843
GSE146493,GPL18694,SRR11249235 SRR11249236 SRR11249237 SRR11249238 SRR11249239 SRR11249240 SRR11249241 SRR11249242 SRR11249243
GSE146891,GPL11282,SRR11296707 SRR11296708 SRR11296709 SRR11296710 SRR11296711 SRR11296712 SRR11296713 SRR11296714 SRR11296715
GSE146976,GPL18694,SRR11306046 SRR11306047 SRR11306048 SRR11306049 SRR11306050 SRR11306051 SRR11306052 SRR11306053 SRR11306054 SRR11306055 SRR11306056 SRR11306057 SRR11306058 SRR11306059 SRR11306060 SRR11306061 SRR11306062 SRR11306063 SRR11306064 SRR11306065 SRR11306066 SRR11306067 SRR11306068 SRR11306069 SRR11306070 SRR11306071 SRR11306072 SRR11306073 SRR11306074 SRR11306075 SRR11306076 SRR11306077 SRR11306078 SRR11306079 SRR11306080 SRR11306081 SRR11306082 SRR11306083 SRR11306084 SRR11306085
GSE147073,GPL20084,SRR11316009 SRR11316010 SRR11316011 SRR11316012
GSE147072,GPL18694,SRR11316090 SRR11316091 SRR11316092 SRR11316093 SRR11316094 SRR11316095 SRR11316096 SRR11316097 SRR11316098 SRR11316099 SRR11316100 SRR11316101 SRR11316102 SRR11316103 SRR11316104 SRR11316105 SRR11316106 SRR11316107 SRR11316108 SRR11316109 SRR11316110 SRR11316111 SRR11316112 SRR11316113 SRR11316114 SRR11316115 SRR11316116 SRR11316117 SRR11316118 SRR11316119 SRR11316120 SRR11316121 SRR11316122 SRR11316123 SRR11316124 SRR11316125 SRR11316126 SRR11316127 SRR11316128 SRR11316129 SRR11316130 SRR11316131 SRR11316132 SRR11316133 SRR11316134 SRR11316135 SRR11316136 SRR11316137 SRR11316138 SRR11316139 SRR11316140 SRR11316141 SRR11316142 SRR11316143 SRR11316144 SRR11316145 SRR11316146 SRR11316147 SRR11316148 SRR11316149 SRR11316150 SRR11316151 SRR11316152 SRR11316153 SRR11316154 SRR11316155 SRR11316156 SRR11316157 SRR11316158 SRR11316159 SRR11316160 SRR11316161 SRR11316162 SRR11316163 SRR11316164 SRR11316165 SRR11316166 SRR11316167 SRR11316168 SRR11316169 SRR11316330 SRR11316331 SRR11316332 SRR11316333 SRR11316334 SRR11316335 SRR11316336 SRR11316337 SRR11316338 SRR11316339 SRR11316340 SRR11316341 SRR11316342 SRR11316343 SRR11316344 SRR11316345 SRR11316346 SRR11316347 SRR11316348 SRR11316349 SRR11316350 SRR11316351 SRR11316352 SRR11316353 SRR11316354 SRR11316355 SRR11316356 SRR11316357 SRR11316358 SRR11316359 SRR11316360 SRR11316361 SRR11316362 SRR11316363 SRR11316364 SRR11316365 SRR11316366 SRR11316367 SRR11316368 SRR11316369 SRR11316370 SRR11316371 SRR11316372 SRR11316373 SRR11316374 SRR11316375 SRR11316376 SRR11316377 SRR11316378 SRR11316379 SRR11316380 SRR11316381 SRR11316382 SRR11316383 SRR11316384 SRR11316385 SRR11316386 SRR11316387 SRR11316388 SRR11316389 SRR11316390 SRR11316391 SRR11316392 SRR11316393 SRR11316394 SRR11316395 SRR11316396 SRR11316397 SRR11316398 SRR11316399 SRR11316400 SRR11316401 SRR11316402 SRR11316403 SRR11316404 SRR11316405 SRR11316406 SRR11316407 SRR11316408 SRR11316409 SRR11316410 SRR11316411 SRR11316412 SRR11316413 SRR11316414 SRR11316415 SRR11316416 SRR11316417 SRR11316418 SRR11316419 SRR11316420 SRR11316421 SRR11316422 SRR11316423 SRR11316424 SRR11316425 SRR11316426 SRR11316427 SRR11316428 SRR11316429 SRR11316430 SRR11316431 SRR11316432 SRR11316433 SRR11316434 SRR11316435 SRR11316436 SRR11316437 SRR11316438 SRR11316439 SRR11316440 SRR11316441 SRR11316442 SRR11316443 SRR11316444 SRR11316445 SRR11316446 SRR11316447 SRR11316448 SRR11316449 SRR11316450 SRR11316451 SRR11316452 SRR11316453 SRR11316454 SRR11316455 SRR11316456 SRR11316457 SRR11316458 SRR11316459 SRR11316460 SRR11316461 SRR11316462 SRR11316463 SRR11316464 SRR11316465 SRR11316466 SRR11316467 SRR11316468 SRR11316469 SRR11316470 SRR11316471 SRR11316472 SRR11316473 SRR11316474 SRR11316475 SRR11316476 SRR11316477 SRR11316478 SRR11316479 SRR11316480 SRR11316481 SRR11316482 SRR11316483 SRR11316484 SRR11316485 SRR11316486 SRR11316487 SRR11316488 SRR11316489 SRR11316490 SRR11316491 SRR11316492 SRR11316493 SRR11316494 SRR11316495 SRR11316496 SRR11316497 SRR11316498 SRR11316499 SRR11316500 SRR11316501 SRR11316502 SRR11316503 SRR11316504 SRR11316505 SRR11316506 SRR11316507 SRR11316508 SRR11316509 SRR11316510 SRR11316511 SRR11316512 SRR11316513 SRR11316514 SRR11316515 SRR11316516 SRR11316517 SRR11316518 SRR11316519 SRR11316520 SRR11316521 SRR11316522 SRR11316523 SRR11316524 SRR11316525 SRR11316526 SRR11316527 SRR11316528 SRR11316529 SRR11316530 SRR11316531 SRR11316532 SRR11316533 SRR11316534 SRR11316535 SRR11316536 SRR11316537 SRR11316538 SRR11316539 SRR11316540 SRR11316541 SRR11316542 SRR11316543 SRR11316544 SRR11316545 SRR11316546 SRR11316547 SRR11316548 SRR11316549 SRR11316550 SRR11316551 SRR11316552 SRR11316553 SRR11316554 SRR11316555 SRR11316556 SRR11316557 SRR11316558 SRR11316559 SRR11316560 SRR11316561 SRR11316562 SRR11316563 SRR11316564 SRR11316565 SRR11316567 SRR11316568 SRR11316569 SRR11316570 SRR11316571 SRR11316572 SRR11316573 SRR11316574 SRR11316575 SRR11316576 SRR11316577 SRR11316578 SRR11316579 SRR11316580 SRR11316581 SRR11316582 SRR11316583 SRR11316584 SRR11316585 SRR11316586 SRR11316587 SRR11316588 SRR11316589 SRR11316590 SRR11316591 SRR11316592 SRR11316593 SRR11316594 SRR11316595 SRR11316596 SRR11316597 SRR11316598 SRR11316599 SRR11316600 SRR11316601 SRR11316602 SRR11316603 SRR11316604 SRR11316605 SRR11316606 SRR11316607 SRR11316608 SRR11316609 SRR11316610 SRR11316611 SRR11316612 SRR11316613 SRR11316614 SRR11316615 SRR11316616 SRR11316617 SRR11316618 SRR11316619 SRR11316620 SRR11316621 SRR11316622 SRR11316623 SRR11316624 SRR11316625 SRR11316626 SRR11316627 SRR11316628 SRR11316629 SRR11316630 SRR11316631 SRR11316632 SRR11316633 SRR11316634 SRR11316635 SRR11316636 SRR11316637 SRR11316638 SRR11316639 SRR11316640 SRR11316641 SRR11316642 SRR11316643 SRR11316644 SRR11316645 SRR11316646 SRR11316647 SRR11316648 SRR11316649 SRR11316650 SRR11316651 SRR11316652 SRR11316653 SRR11316654 SRR11316655 SRR11316656 SRR11316657 SRR11316658 SRR11316659 SRR11316660 SRR11316661 SRR11316662 SRR11316663 SRR11316664 SRR11316665 SRR11316666 SRR11316667 SRR11316668 SRR11316669 SRR11316670 SRR11316671 SRR11316672 SRR11316673 SRR11316674 SRR11316675 SRR11316676 SRR11316677 SRR11316678 SRR11316679 SRR11316680 SRR11316681 SRR11316682 SRR11316683 SRR11316684 SRR11316685 SRR11316686 SRR11316687 SRR11316688 SRR11316689 SRR11316690 SRR11316691 SRR11316692 SRR11316693 SRR11316694 SRR11316695 SRR11316696 SRR11316697 SRR11316698 SRR11316699 SRR11316700 SRR11316701 SRR11316702 SRR11316703 SRR11316704 SRR11316705 SRR11316706 SRR11316707 SRR11316708 SRR11316709 SRR11316710 SRR11316711 SRR11316712 SRR11316713 SRR11316714 SRR11316715 SRR11316716 SRR11316717 SRR11316718 SRR11316719 SRR11316720 SRR11316721 SRR11316722 SRR11316723 SRR11316724 SRR11316725 SRR11316726 SRR11316727 SRR11316728 SRR11316729 SRR11316730 SRR11316731 SRR11316732 SRR11316733 SRR11316734 SRR11316735 SRR11316736 SRR11316737 SRR11316738 SRR11316739 SRR11316740 SRR11316741 SRR11316742 SRR11316743 SRR11316744 SRR11316745 SRR11316746 SRR11316747 SRR11316748 SRR11316749 SRR11316750 SRR11316751 SRR11316752 SRR11316753 SRR11316754 SRR11316755 SRR11316756 SRR11316757 SRR11316758 SRR11316759 SRR11316760 SRR11316761 SRR11316762 SRR11316763 SRR11316764 SRR11316765 SRR11316766 SRR11316767 SRR11316768 SRR11316769 SRR11316770 SRR11316771 SRR11316772 SRR11316773 SRR11316774 SRR11316775 SRR11316776 SRR11316777 SRR11316778 SRR11316779 SRR11316780 SRR11316781 SRR11316782 SRR11316783 SRR11316784 SRR11316785 SRR11316786 SRR11316787 SRR11316788 SRR11316789 SRR11316790 SRR11316791 SRR11316792 SRR11316793 SRR11316794 SRR11316795 SRR11316796 SRR11316797 SRR11316798 SRR11316799 SRR11316800 SRR11316801 SRR11316802 SRR11316803 SRR11316804 SRR11316805 SRR11316806 SRR11316807 SRR11316808 SRR11316809 SRR11316810 SRR11316811 SRR11316812 SRR11316813 SRR11316814 SRR11316815 SRR11316816 SRR11316817 SRR11316818 SRR11316819 SRR11316820 SRR11316821 SRR11316822 SRR11316823 SRR11316824 SRR11316825 SRR11316826 SRR11316827 SRR11316828 SRR11316829 SRR11316830 SRR11316831 SRR11316832 SRR11316833 SRR11316834 SRR11316835 SRR11316836 SRR11316837 SRR11316838 SRR11316839 SRR11316840 SRR11316841 SRR11316842 SRR11316843 SRR11316844 SRR11316845 SRR11316846 SRR11316847 SRR11316848 SRR11316849 SRR11316850 SRR11316851 SRR11316852 SRR11316853 SRR11316854 SRR11316855 SRR11316856 SRR11316857 SRR11316858 SRR11316859 SRR11316860 SRR11316861 SRR11316862 SRR11316863 SRR11316864 SRR11316865 SRR11316866 SRR11316867 SRR11316868 SRR11316869 SRR11316870 SRR11316871 SRR11316872 SRR11316873 SRR11316874 SRR11316875 SRR11316876 SRR11316877 SRR11316878 SRR11316879 SRR11316880 SRR11316881 SRR11316882 SRR11316883 SRR11316884 SRR11316885 SRR11316886 SRR11316887 SRR11316888 SRR11316889 SRR11316890 SRR11316891 SRR11316892 SRR11316893 SRR11316894 SRR11316895 SRR11316896 SRR11316897 SRR11316898 SRR11316899 SRR11316900 SRR11316901 SRR11316902 SRR11316903 SRR11316904 SRR11316905 SRR11316906 SRR11316907 SRR11316908 SRR11316909 SRR11316910 SRR11316911 SRR11316912 SRR11316913 SRR11316914 SRR11316915 SRR11316916 SRR11316917 SRR11316918 SRR11316919 SRR11316920 SRR11316921 SRR11316922 SRR11316923 SRR11316924 SRR11316925 SRR11316926 SRR11316927 SRR11316928 SRR11316929 SRR11316930 SRR11316931 SRR11316932 SRR11316933 SRR11316934 SRR11316935 SRR11316936 SRR11316937 SRR11316938 SRR11316939 SRR11316940 SRR11316941 SRR11316942 SRR11316943 SRR11316944 SRR11316945 SRR11316946 SRR11316947 SRR11316948 SRR11316949 SRR11316950 SRR11316951 SRR11316952 SRR11316953 SRR11316954 SRR11316955 SRR11316956 SRR11316957 SRR11316958 SRR11316959 SRR11316960 SRR11316961 SRR11316962 SRR11316963 SRR11316964 SRR11316965 SRR11316966 SRR11316967 SRR11316968 SRR11316969 SRR11316970 SRR11316971 SRR11316972 SRR11316973 SRR11316974 SRR11316975 SRR11316976 SRR11316977 SRR11316978 SRR11316979 SRR11316980 SRR11316981 SRR11316982 SRR11316983 SRR11316984 SRR11316985 SRR11316986 SRR11316987 SRR11316988 SRR11316989 SRR11316990 SRR11316991 SRR11316992 SRR11316993 SRR11316994 SRR11316995 SRR11316996 SRR11316997 SRR11316998 SRR11316999 SRR11317000 SRR11317001 SRR11317002 SRR11317003 SRR11317004 SRR11317005 SRR11317006 SRR11317007 SRR11317008 SRR11317009 SRR11317010 SRR11317011 SRR11317012 SRR11317013 SRR11317014 SRR11317015 SRR11317016 SRR11317017 SRR11317018 SRR11317019 SRR11317020 SRR11317021 SRR11317022 SRR11317023 SRR11317024 SRR11317025 SRR11317026 SRR11317027 SRR11317028 SRR11317029 SRR11317030 SRR11317031 SRR11317032 SRR11317033 SRR11317034 SRR11317035 SRR11317036 SRR11317037 SRR11317038 SRR11317039 SRR11317040 SRR11317041 SRR11317042 SRR11317043 SRR11317044 SRR11317045 SRR11317046 SRR11317047 SRR11317048 SRR11317049 SRR11317050 SRR11317051 SRR11317052 SRR11317053 SRR11317054 SRR11317055 SRR11317056 SRR11317057 SRR11317058 SRR11317059 SRR11317060 SRR11317061 SRR11317062 SRR11317063 SRR11317064 SRR11317065 SRR11317066 SRR11317067 SRR11317068 SRR11317069 SRR11317070 SRR11317071 SRR11317072 SRR11317073 SRR11317074 SRR11317075 SRR11317076 SRR11317077 SRR11317078 SRR11317079 SRR11317080 SRR11317081 SRR11317082 SRR11317083 SRR11317084 SRR11317085 SRR11317086 SRR11317087 SRR11317088 SRR11317089 SRR11317090 SRR11317091 SRR11317092 SRR11317093 SRR11317094 SRR11317095 SRR11317096 SRR11317097 SRR11317098 SRR11317099 SRR11317100 SRR11317101 SRR11317102 SRR11317103 SRR11317104 SRR11317105 SRR11317106 SRR11317107 SRR11317108 SRR11317109 SRR11317110 SRR11317111 SRR11317112 SRR11317113 SRR11317114 SRR11317115 SRR11317116 SRR11317117 SRR11317118 SRR11317119 SRR11317120 SRR11317121 SRR11317122 SRR11317123 SRR11317124 SRR11317125 SRR11317126 SRR11317127 SRR11317128 SRR11317129 SRR11317130 SRR11317663 SRR11317664 SRR11317665 SRR11317666 SRR11317667 SRR11317668 SRR11317669 SRR11317670 SRR11317671 SRR11317672 SRR11317673 SRR11317674 SRR11317675 SRR11317676 SRR11317677 SRR11317678 SRR11317679 SRR11317680 SRR11317681 SRR11317682 SRR11317683 SRR11317684 SRR11317685 SRR11317686 SRR11317687 SRR11317688 SRR11317689 SRR11317690 SRR11317691 SRR11317692 SRR11317693 SRR11317694 SRR11317695 SRR11317696 SRR11317697 SRR11317698 SRR11317699 SRR11317700 SRR11317701 SRR11317702 SRR11317703 SRR11317704 SRR11317705 SRR11317706 SRR11317707 SRR11317708 SRR11317709 SRR11317710 SRR11317711 SRR11317712 SRR11317713 SRR11317714 SRR11317715 SRR11317716 SRR11317717 SRR11317718 SRR11317719 SRR11317720 SRR11317721 SRR11317722 SRR11317723 SRR11317724 SRR11317725 SRR11317726 SRR11317727 SRR11317728 SRR11317729 SRR11317730 SRR11317731 SRR11317732 SRR11317733 SRR11317734 SRR11317735 SRR11317736 SRR11317737 SRR11317738 SRR11317739 SRR11317740 SRR11317741 SRR11317742 SRR11317131 SRR11317132 SRR11317133 SRR11317134 SRR11317135 SRR11317136 SRR11317137 SRR11317138 SRR11317139 SRR11317140 SRR11317141 SRR11317142 SRR11317143 SRR11317144 SRR11317145 SRR11317146 SRR11317147 SRR11317148 SRR11317149 SRR11317150 SRR11317151 SRR11317152 SRR11317153 SRR11317154 SRR11317155 SRR11317156 SRR11317157 SRR11317158 SRR11317159 SRR11317160 SRR11317161 SRR11317162 SRR11317163 SRR11317164 SRR11317165 SRR11317166 SRR11317167 SRR11317168 SRR11317169 SRR11317170 SRR11317171 SRR11317172 SRR11317173 SRR11317174 SRR11317175 SRR11317176 SRR11317177 SRR11317178 SRR11317179 SRR11317180 SRR11317181 SRR11317182 SRR11317183 SRR11317184 SRR11317185 SRR11317186 SRR11317187 SRR11317188 SRR11317189 SRR11317190 SRR11317191 SRR11317192 SRR11317193 SRR11317194 SRR11317195 SRR11317196 SRR11317197 SRR11317198 SRR11317199 SRR11317200 SRR11317201 SRR11317202 SRR11317203 SRR11317204 SRR11317205 SRR11317206 SRR11317207 SRR11317208 SRR11317209 SRR11317210 SRR11317583 SRR11317584 SRR11317585 SRR11317586 SRR11317587 SRR11317588 SRR11317589 SRR11317590 SRR11317591 SRR11317592 SRR11317593 SRR11317594 SRR11317595 SRR11317596 SRR11317597 SRR11317598 SRR11317599 SRR11317600 SRR11317601 SRR11317602 SRR11317603 SRR11317604 SRR11317605 SRR11317606 SRR11317607 SRR11317608 SRR11317609 SRR11317610 SRR11317611 SRR11317612 SRR11317613 SRR11317614 SRR11317615 SRR11317616 SRR11317617 SRR11317618 SRR11317619 SRR11317620 SRR11317621 SRR11317622 SRR11317623 SRR11317624 SRR11317625 SRR11317626 SRR11317627 SRR11317628 SRR11317629 SRR11317630 SRR11317631 SRR11317632 SRR11317633 SRR11317634 SRR11317635 SRR11317636 SRR11317637 SRR11317638 SRR11317639 SRR11317640 SRR11317641 SRR11317642 SRR11317643 SRR11317644 SRR11317645 SRR11317646 SRR11317647 SRR11317648 SRR11317649 SRR11317650 SRR11317651 SRR11317652 SRR11317653 SRR11317654 SRR11317655 SRR11317656 SRR11317657 SRR11317658 SRR11317659 SRR11317660 SRR11317661 SRR11317662 SRR11317211 SRR11317212 SRR11317213 SRR11317214 SRR11317215 SRR11317216 SRR11317217 SRR11317218 SRR11317219 SRR11317220 SRR11317221 SRR11317222 SRR11317223 SRR11317224 SRR11317225 SRR11317226 SRR11317227 SRR11317228 SRR11317229 SRR11317230 SRR11317231 SRR11317232 SRR11317233 SRR11317234 SRR11317235 SRR11317236 SRR11317237 SRR11317238 SRR11317239 SRR11317240 SRR11317241 SRR11317242 SRR11317243 SRR11317244 SRR11317245 SRR11317246 SRR11317247 SRR11317248 SRR11317249 SRR11317250 SRR11317251 SRR11317252 SRR11317253 SRR11317254 SRR11317255 SRR11317256 SRR11317257 SRR11317258 SRR11317259 SRR11317260 SRR11317261 SRR11317262 SRR11317263 SRR11317264 SRR11317265 SRR11317266 SRR11317267 SRR11317268 SRR11317269 SRR11317270 SRR11317271 SRR11317272 SRR11317273 SRR11317274 SRR11317275 SRR11317276 SRR11317277 SRR11317278 SRR11317279 SRR11317280 SRR11317281 SRR11317282 SRR11317283 SRR11317284 SRR11317285 SRR11317286 SRR11317287 SRR11317288 SRR11317289 SRR11317290 SRR11316170 SRR11316171 SRR11316172 SRR11316173 SRR11316174 SRR11316175 SRR11316176 SRR11316177 SRR11316178 SRR11316179 SRR11316180 SRR11316181 SRR11316182 SRR11316183 SRR11316184 SRR11316185 SRR11316186 SRR11316187 SRR11316188 SRR11316189 SRR11316190 SRR11316191 SRR11316192 SRR11316193 SRR11316194 SRR11316195 SRR11316196 SRR11316197 SRR11316198 SRR11316199 SRR11316200 SRR11316201 SRR11316202 SRR11316203 SRR11316204 SRR11316205 SRR11316206 SRR11316207 SRR11316208 SRR11316209 SRR11316210 SRR11316211 SRR11316212 SRR11316213 SRR11316214 SRR11316215 SRR11316216 SRR11316217 SRR11316218 SRR11316219 SRR11316220 SRR11316221 SRR11316222 SRR11316223 SRR11316224 SRR11316225 SRR11316226 SRR11316227 SRR11316228 SRR11316229 SRR11316230 SRR11316231 SRR11316232 SRR11316233 SRR11316234 SRR11316235 SRR11316236 SRR11316237 SRR11316238 SRR11316239 SRR11316240 SRR11316241 SRR11316242 SRR11316243 SRR11316244 SRR11316245 SRR11316246 SRR11316247 SRR11316248 SRR11316249 SRR11316250 SRR11316251 SRR11316252 SRR11316253 SRR11316254 SRR11316255 SRR11316256 SRR11316257 SRR11316258 SRR11316259 SRR11316260 SRR11316261 SRR11316262 SRR11316263 SRR11316264 SRR11316265 SRR11316266 SRR11316267 SRR11316268 SRR11316269 SRR11316270 SRR11316271 SRR11316272 SRR11316273 SRR11316274 SRR11316275 SRR11316276 SRR11316277 SRR11316278 SRR11316279 SRR11316280 SRR11316281 SRR11316282 SRR11316283 SRR11316284 SRR11316285 SRR11316286 SRR11316287 SRR11316288 SRR11316289 SRR11316290 SRR11316291 SRR11316292 SRR11316293 SRR11316294 SRR11316295 SRR11316296 SRR11316297 SRR11316298 SRR11316299 SRR11316300 SRR11316301 SRR11316302 SRR11316303 SRR11316304 SRR11316305 SRR11316306 SRR11316307 SRR11316308 SRR11316309 SRR11316310 SRR11316311 SRR11316312 SRR11316313 SRR11316314 SRR11316315 SRR11316316 SRR11316317 SRR11316318 SRR11316319 SRR11316320 SRR11316321 SRR11316322 SRR11316323 SRR11316324 SRR11316325 SRR11316326 SRR11316327 SRR11316328 SRR11316329 SRR11317291 SRR11317292 SRR11317293 SRR11317294 SRR11317295 SRR11317296 SRR11317297 SRR11317298 SRR11317299 SRR11317300 SRR11317301 SRR11317302 SRR11317303 SRR11317304 SRR11317305 SRR11317306 SRR11317307 SRR11317308 SRR11317309 SRR11317310 SRR11317311 SRR11317312 SRR11317313 SRR11317314 SRR11317315 SRR11317316 SRR11317317 SRR11317318 SRR11317319 SRR11317320 SRR11317321 SRR11317322 SRR11317323 SRR11317324 SRR11317325 SRR11317326 SRR11317327 SRR11317328 SRR11317329 SRR11317330 SRR11317331 SRR11317332 SRR11317333 SRR11317334 SRR11317335 SRR11317336 SRR11317337 SRR11317338 SRR11317339 SRR11317340 SRR11317341 SRR11317342 SRR11317343 SRR11317344 SRR11317345 SRR11317346 SRR11317347 SRR11317348 SRR11317349 SRR11317350 SRR11317351 SRR11317352 SRR11317353 SRR11317354 SRR11317355 SRR11317356 SRR11317357 SRR11317358 SRR11317359 SRR11317360 SRR11317361 SRR11317362 SRR11317363 SRR11317364 SRR11317365 SRR11317366 SRR11317367 SRR11317368 SRR11317369 SRR11317370 SRR11317371 SRR11317372 SRR11317373 SRR11317374 SRR11317375 SRR11317376 SRR11317377 SRR11317378 SRR11317379 SRR11317380 SRR11317381 SRR11317382 SRR11317383 SRR11317384 SRR11317385 SRR11317386 SRR11317387 SRR11317388 SRR11317389 SRR11317390 SRR11317391 SRR11317392 SRR11317393 SRR11317394 SRR11317395 SRR11317396 SRR11317397 SRR11317398 SRR11317399 SRR11317400 SRR11317401 SRR11317402 SRR11317403 SRR11317404 SRR11317405 SRR11317406 SRR11317407 SRR11317408 SRR11317409 SRR11317410 SRR11317411 SRR11317412 SRR11317413 SRR11317414 SRR11317415 SRR11317416 SRR11317417 SRR11317418 SRR11317419 SRR11317420 SRR11317421 SRR11317422 SRR11317423 SRR11317424 SRR11317425 SRR11317426 SRR11317427 SRR11317428 SRR11317429 SRR11317430 SRR11317431 SRR11317432 SRR11317433 SRR11317434 SRR11317435 SRR11317436 SRR11317437 SRR11317438 SRR11317439 SRR11317440 SRR11317441 SRR11317442 SRR11317443 SRR11317444 SRR11317445 SRR11317446 SRR11317447 SRR11317448 SRR11317449 SRR11317450 SRR11317451 SRR11317452 SRR11317453 SRR11317454 SRR11317455 SRR11317456 SRR11317457 SRR11317458 SRR11317459 SRR11317460 SRR11317461 SRR11317462 SRR11317463 SRR11317464 SRR11317465 SRR11317466 SRR11317467 SRR11317468 SRR11317469 SRR11317470 SRR11317471 SRR11317472 SRR11317473 SRR11317474 SRR11317475 SRR11317476 SRR11317477 SRR11317478 SRR11317479 SRR11317480 SRR11317481 SRR11317482 SRR11317483 SRR11317484 SRR11317485 SRR11317486 SRR11317487 SRR11317488 SRR11317489 SRR11317490 SRR11317491 SRR11317492 SRR11317493 SRR11317494 SRR11317495 SRR11317496 SRR11317497 SRR11317498 SRR11317499 SRR11317500 SRR11317501 SRR11317502 SRR11317503 SRR11317504 SRR11317505 SRR11317506 SRR11317507 SRR11317508 SRR11317509 SRR11317510 SRR11317511 SRR11317512 SRR11317513 SRR11317514 SRR11317515 SRR11317516 SRR11317517 SRR11317518 SRR11317519 SRR11317520 SRR11317521 SRR11317522 SRR11317523 SRR11317524 SRR11317525 SRR11317526 SRR11317527 SRR11317528 SRR11317529 SRR11317530 SRR11317531 SRR11317532 SRR11317533 SRR11317534 SRR11317535 SRR11317536 SRR11317537 SRR11317538 SRR11317539 SRR11317540 SRR11317541 SRR11317542 SRR11317543 SRR11317544 SRR11317545 SRR11317546 SRR11317547 SRR11317548 SRR11317549 SRR11317550 SRR11317551 SRR11317552 SRR11317553 SRR11317554 SRR11317555 SRR11317556 SRR11317557 SRR11317558 SRR11317559 SRR11317560 SRR11317561 SRR11317562 SRR11317563 SRR11317564 SRR11317565 SRR11317566 SRR11317567 SRR11317568 SRR11317569 SRR11317570 SRR11317571 SRR11317572 SRR11317573 SRR11317574 SRR11317575 SRR11317576 SRR11317577 SRR11317578 SRR11317579 SRR11317580 SRR11317581 SRR11317582
GSE147248,GPL23945,SRR11354670 SRR11354671 SRR11354672 SRR11354673 SRR11354674 SRR11354675 SRR11354676 SRR11354678 SRR11354679 SRR11354680 SRR11354681 SRR11354682 SRR11354683 SRR11354684 SRR11354685 SRR11354686 SRR11354687 SRR11354688 SRR11354689 SRR11354690 SRR11354691 SRR11354692 SRR11354693 SRR11354694 SRR11354695 SRR11354696 SRR11354697 SRR11354698 SRR11354699
GSE147379,GPL20084,SRR11389559 SRR11389560 SRR11389561 SRR11389562 SRR11389563 SRR11389564 SRR11389565 SRR11389566 SRR11389567 SRR11389568 SRR11389569 SRR11389570 SRR11389571 SRR11389572 SRR11389573 SRR11389574 SRR11389575 SRR11389576 SRR11389577 SRR11389578 SRR11389579 SRR11389580 SRR11389581 SRR11389582 SRR11389583 SRR11389584 SRR11389585 SRR11389586 SRR11389587 SRR11389588 SRR11389589 SRR11389590 SRR11389591 SRR11389592 SRR11389593 SRR11389594 SRR11389595 SRR11389596 SRR11389597 SRR11389598 SRR11389599 SRR11389600 SRR11389601 SRR11389602 SRR11389603 SRR11389604 SRR11389605 SRR11389606 SRR11389607 SRR11389608 SRR11389609 SRR11389610 SRR11389611 SRR11389612 SRR11389613 SRR11389614 SRR11389615 SRR11389616 SRR11389617 SRR11389618 SRR11389619 SRR11389620 SRR11389621 SRR11389622 SRR11389623 SRR11389624 SRR11389625 SRR11389626 SRR11389627 SRR11389628 SRR11389629 SRR11389630 SRR11389631 SRR11389632 SRR11389633 SRR11389634 SRR11389635 SRR11389636 SRR11389637 SRR11389638 SRR11389639 SRR11389640 SRR11389641 SRR11389642 SRR11389643 SRR11389644 SRR11389645 SRR11389646 SRR11389647 SRR11389648 SRR11389649 SRR11389650 SRR11389651 SRR11389652 SRR11389653 SRR11389654 SRR11389655 SRR11389656 SRR11389657 SRR11389658 SRR11389659 SRR11389660 SRR11389661 SRR11389662 SRR11389663 SRR11389664 SRR11389665 SRR11389666 SRR11389667 SRR11389668 SRR11389669 SRR11389670 SRR11389671 SRR11389672 SRR11389673 SRR11389674 SRR11389675 SRR11389676 SRR11389677 SRR11389678 SRR11389679 SRR11389680 SRR11389681 SRR11389682 SRR11389683 SRR11389684 SRR11389685 SRR11389686 SRR11389687 SRR11389688 SRR11389689 SRR11389690 SRR11389691 SRR11389692 SRR11389693 SRR11389694 SRR11389695 SRR11389696 SRR11389697 SRR11389698 SRR11389699 SRR11389700 SRR11389701 SRR11389702 SRR11389703 SRR11389704 SRR11389705 SRR11389706 SRR11389707 SRR11389708 SRR11389709 SRR11389710 SRR11389711 SRR11389712 SRR11389713 SRR11389714 SRR11389715 SRR11389716 SRR11389717 SRR11389718 SRR11389719 SRR11389720 SRR11389721 SRR11389722 SRR11389723 SRR11389724 SRR11389725 SRR11389726 SRR11389727 SRR11389728 SRR11389729 SRR11389730 SRR11389731 SRR11389732 SRR11389733 SRR11389734 SRR11389735 SRR11389736 SRR11389737 SRR11389738 SRR11389739 SRR11389740 SRR11389741 SRR11389742 SRR11389743 SRR11389744 SRR11389745 SRR11389746 SRR11389747 SRR11389748 SRR11389749 SRR11389750
GSE147402,GPL22396,SRR11392714 SRR11392715 SRR11392716 SRR11392717 SRR11392718 SRR11392719 SRR11392720 SRR11392721 SRR11392722 SRR11392723 SRR11392724 SRR11392725
GSE147432,GPL20084,SRR11425306 SRR11425307 SRR11425308 SRR11425309 SRR11425310 SRR11425311
GSE147578,GPL20084,SRR11428506 SRR11428507 SRR11428508 SRR11428509 SRR11428510 SRR11428511
GSE147663,GPL20084,SRR11435246 SRR11435247 SRR11435248 SRR11435249 SRR11435250 SRR11435251
GSE147945,GPL18694,SRR11467778 SRR11467779 SRR11467780 SRR11467781 SRR11467782
GSE148007,GPL25947,SRR11472057 SRR11472058 SRR11472059 SRR11472060 SRR11472061 SRR11472062 SRR11472063 SRR11472064 SRR11472065 SRR11472066 SRR11472067 SRR11472068 SRR11472069
GSE148151,GPL19482,SRR11487020 SRR11487021 SRR11487022 SRR11487023 SRR11487025 SRR11487026 SRR11487028 SRR11487029 SRR11487030 SRR11487031
GSE148255,GPL18694,SRR11504852 SRR11504853 SRR11504854 SRR11504855 SRR11504856 SRR11504857 SRR11504858 SRR11504859 SRR11504860 SRR11504861 SRR11504862 SRR11504863 SRR11504864 SRR11504865 SRR11504866 SRR11504867 SRR11504868 SRR11504869 SRR11504870 SRR11504871 SRR11504872 SRR11504873 SRR11504874 SRR11504875 SRR11504876 SRR11504877 SRR11504878 SRR11504879 SRR11504880 SRR11504881 SRR11504882 SRR11504883 SRR11504884 SRR11504885 SRR11504886 SRR11504887 SRR11504888 SRR11504889 SRR11504890 SRR11504891 SRR11504892 SRR11504893 SRR11504894 SRR11504895 SRR11504896 SRR11504897 SRR11504898 SRR11504899 SRR11504900 SRR11504901 SRR11504902 SRR11504903 SRR11504904 SRR11504905 SRR11504906 SRR11504907 SRR11504908 SRR11504909 SRR11504910 SRR11504911 SRR11504912 SRR11504913 SRR11504914 SRR11504915
GSE148266,GPL18694,SRR11505274 SRR11505275 SRR11505276 SRR11505277 SRR11505278 SRR11505279 SRR11505280 SRR11505281 SRR11505282 SRR11505283 SRR11505284 SRR11505285 SRR11505286 SRR11505287 SRR11505288 SRR11505289 SRR11505290 SRR11505291 SRR11505292 SRR11505293
GSE148453,GPL28374,SRR11523369 SRR11523370 SRR11523371 SRR11523372 SRR11523373 SRR11523374 SRR11523375 SRR11523376 SRR11523377 SRR11523378 SRR11523379 SRR11523380 SRR11523381 SRR11523382 SRR11523383 SRR11523384
GSE148559,GPL11282,SRR11539624 SRR11539625 SRR11539626 SRR11539627 SRR11539628 SRR11539629 SRR11539630 SRR11539631 SRR11539632 SRR11539633 SRR11539634 SRR11539635 SRR11539636 SRR11539637 SRR11539638 SRR11539639 SRR11539640 SRR11539641 SRR11539642 SRR11539643 SRR11539644 SRR11539645 SRR11539646 SRR11539647
GSE149072,GPL18694,SRR11584422 SRR11584423 SRR11584424 SRR11584425 SRR11584426 SRR11584427 SRR11584428 SRR11584429 SRR11584430 SRR11584431 SRR11584432 SRR11584433 SRR11584434 SRR11584435 SRR11584436 SRR11584437 SRR11584438 SRR11584439 SRR11584440 SRR11584441 SRR11584442 SRR11584443 SRR11584444 SRR11584445
GSE149317,GPL24688,SRR11607029 SRR11607030 SRR11607031 SRR11607032 SRR11607033 SRR11607034 SRR11607035 SRR11607036 SRR11607037 SRR11607038 SRR11607039 SRR11607040
GSE149364,GPL18694,SRR11611391 SRR11611392 SRR11611393 SRR11611395 SRR11611396 SRR11611397 SRR11611398 SRR11611399 SRR11611400 SRR11611401 SRR11611402 SRR11611403 SRR11611404 SRR11611405 SRR11611406 SRR11611407 SRR11611408 SRR11611409 SRR11611410 SRR11611411 SRR11611412 SRR11611413
GSE149498,GPL11282,SRR11625081 SRR11625082 SRR11625083 SRR11625084 SRR11625085 SRR11625086
GSE149713,GPL14844,SRR11680484 SRR11680485 SRR11680486 SRR11680487 SRR11680488 SRR11680489 SRR11680490 SRR11680491 SRR11680492 SRR11680493 SRR11680494 SRR11680495 SRR11680496 SRR11680497 SRR11680498 SRR11680499 SRR11680500
GSE149828,GPL18694,SRR11684969 SRR11684970 SRR11684972 SRR11684973 SRR11684974 SRR11684975 SRR11684976 SRR11684977 SRR11684978 SRR11684979 SRR11684980 SRR11684981 SRR11684982 SRR11684983 SRR11684984 SRR11684985 SRR11684986 SRR11684987 SRR11684988 SRR11684989 SRR11684990 SRR11684991 SRR11684992
GSE150841,GPL23945,SRR11811821 SRR11811822 SRR11811823 SRR11811824 SRR11811825 SRR11811826 SRR11811827 SRR11811828 SRR11811829 SRR11811830 SRR11811831 SRR11811832
GSE151209,GPL14844,SRR11851302 SRR11851303 SRR11851304 SRR11851305 SRR11851306 SRR11851307 SRR11851308 SRR11851309
GSE151477,GPL23945,SRR11878614 SRR11878615 SRR11878616 SRR11878617 SRR11878618
GSE151971,GPL18694,SRR11945704 SRR11945705
GSE152250,GPL22396,SRR11993591 SRR11993592 SRR11993593 SRR11993594 SRR11993595 SRR11993596 SRR11993597 SRR11993598 SRR11993599 SRR11993600 SRR11993601 SRR11993602 SRR11993603 SRR11993604 SRR11993605 SRR11993606 SRR11993607 SRR11993608 SRR11993609 SRR11993610
GSE153017,GPL22396,SRR12072444 SRR12072445 SRR12072446 SRR12072447 SRR12072448 SRR12072449
GSE153217,GPL22396,SRR12088512 SRR12088513 SRR12088514 SRR12088515 SRR12088516 SRR12088517 SRR12088518 SRR12088519 SRR12088520 SRR12088521 SRR12088522 SRR12088523
GSE153275,GPL25029,SRR12091846 SRR12091847 SRR12091848 SRR12091849
GSE153278,GPL24688,SRR12094714 SRR12094715 SRR12094716 SRR12094717 SRR12094718 SRR12094719
GSE153296,GPL18694,SRR12094738 SRR12094739 SRR12094740 SRR12094741 SRR12094742 SRR12094743
GSE153296,GPL24688,SRR12094714 SRR12094715 SRR12094716 SRR12094717 SRR12094718 SRR12094719
GSE153294,GPL18694,SRR12094738 SRR12094739 SRR12094740 SRR12094741 SRR12094742 SRR12094743
GSE153409,GPL25029,SRR12102799 SRR12102800 SRR12102801 SRR12102802 SRR12102803 SRR12102804 SRR12102805 SRR12102806 SRR12102807 SRR12102808 SRR12102809 SRR12102810
GSE153604,GPL14844,SRR12124784 SRR12124785 SRR12124786 SRR12124787 SRR12124788 SRR12124789
GSE153638,GPL14844,SRR12125846 SRR12125847 SRR12125848 SRR12125849 SRR12125850 SRR12125851 SRR12125852 SRR12125853 SRR12125854
GSE153763,GPL25947,SRR12143814 SRR12143815 SRR12143816 SRR12143817 SRR12143818 SRR12143819 SRR12143820 SRR12143821 SRR12143822
GSE154098,GPL24688,SRR12185232 SRR12185233 SRR12185234 SRR12185235 SRR12185236 SRR12185237 SRR12185238 SRR12185239 SRR12185240
GSE154274,GPL18694,SRR12204657 SRR12204658 SRR12204659 SRR12204660 SRR12204661 SRR12204662 SRR12204664 SRR12204665 SRR12204666 SRR12204667 SRR12204668
GSE154533,GPL25029,SRR12234332 SRR12234333 SRR12234334 SRR12234335 SRR12234336 SRR12234337 SRR12234338 SRR12234339 SRR12234340 SRR12234341 SRR12234342 SRR12234343 SRR12234344 SRR12234345 SRR12234346 SRR12234347 SRR12234348 SRR12234349 SRR12234350 SRR12234351 SRR12234352 SRR12234353 SRR12234354 SRR12234355 SRR12234356 SRR12234357 SRR12234358 SRR12234359 SRR12234360 SRR12234361 SRR12234362 SRR12234363 SRR12234364 SRR12234365 SRR12234366 SRR12234367
GSE155059,GPL14844,SRR12316895 SRR12316896 SRR12316897 SRR12316898 SRR12316899 SRR12316900 SRR12316901 SRR12316902
GSE155230,GPL18694,SRR12333763 SRR12333764 SRR12333765 SRR12333766 SRR12333767 SRR12333768 SRR12333769 SRR12333770 SRR12333771 SRR12333772 SRR12333773 SRR12333774 SRR12333775 SRR12333776 SRR12333777 SRR12333778 SRR12333779 SRR12333780
GSE155393,GPL18694,SRR12346028 SRR12346029 SRR12346030 SRR12346031 SRR12346032 SRR12346033 SRR12346034 SRR12346035 SRR12346036 SRR12346037 SRR12346038 SRR12346039 SRR12345978 SRR12345979 SRR12345980 SRR12345981 SRR12345982 SRR12345983 SRR12345984 SRR12345985 SRR12345986 SRR12345987 SRR12345988 SRR12345989 SRR12345990 SRR12345991 SRR12345992 SRR12345993 SRR12345994 SRR12345995 SRR12345996 SRR12345997 SRR12345998 SRR12345999 SRR12346000 SRR12346001 SRR12346002 SRR12346003 SRR12346004 SRR12346005 SRR12346006 SRR12346007 SRR12346008 SRR12346009 SRR12346010 SRR12346011 SRR12346012 SRR12346013 SRR12346014 SRR12346015 SRR12346016 SRR12346017 SRR12346018 SRR12346019 SRR12346020 SRR12346021 SRR12346022 SRR12346023 SRR12346024 SRR12346025 SRR12346026 SRR12346027
GSE155709,GPL18694,SRR12389348 SRR12389349 SRR12389350 SRR12389351 SRR12389352 SRR12389353 SRR12389354 SRR12389355 SRR12389356
GSE155743,GPL14844,SRR12394485 SRR12394486 SRR12394487 SRR12394488 SRR12394489 SRR12394490 SRR12394491 SRR12394492 SRR12394493 SRR12394494 SRR12394495
GSE155768,GPL22396,SRR12396351 SRR12396352 SRR12396353 SRR12396354 SRR12396355 SRR12396356 SRR12396357 SRR12396358
GSE149540,GPL22396,SRR12422542 SRR12422543 SRR12422544 SRR12422545 SRR12422546 SRR12422547 SRR12422548 SRR12422549 SRR12422550 SRR12422551 SRR12422552 SRR12422553
GSE156999,GPL14844,SRR12534830 SRR12534831 SRR12534832 SRR12534833 SRR12534834 SRR12534835
GSE157348,GPL25947,SRR12571078 SRR12571079 SRR12571080 SRR12571081 SRR12571082 SRR12571083 SRR12571084 SRR12571085 SRR12571086 SRR12571087 SRR12571088 SRR12571089 SRR12571090 SRR12571091 SRR12571092 SRR12571093 SRR12571094 SRR12571095 SRR12571096 SRR12571097 SRR12571098 SRR12571099 SRR12571100 SRR12571101
GSE157487,GPL18404,SRR12588812 SRR12588813 SRR12588814 SRR12588815 SRR12588816 SRR12588817 SRR12588818 SRR12588819
GSE157491,GPL23945,SRR12588878 SRR12588879 SRR12588880 SRR12588881 SRR12588882 SRR12588883 SRR12588884 SRR12588885 SRR12588886 SRR12588887 SRR12588888 SRR12588889 SRR12588890 SRR12588891 SRR12588892 SRR12588893 SRR12588894 SRR12588895 SRR12588896 SRR12588897 SRR12588898 SRR12588899 SRR12588900 SRR12588901 SRR12588902 SRR12588903 SRR12588904 SRR12588905 SRR12588906 SRR12588907 SRR12588908 SRR12588909 SRR12588910 SRR12588911 SRR12588912 SRR12588913 SRR12588914 SRR12588915 SRR12588916 SRR12588917 SRR12588918 SRR12588919 SRR12588920 SRR12588921 SRR12588922 SRR12588923 SRR12588924 SRR12588925 SRR12588926 SRR12588927 SRR12588928 SRR12588929 SRR12588930 SRR12588931 SRR12588932 SRR12588933 SRR12588934 SRR12588935 SRR12588936 SRR12588937 SRR12588938 SRR12588939 SRR12588940 SRR12588941 SRR12588942 SRR12588943 SRR12588944 SRR12588945 SRR12588946 SRR12588947 SRR12588948 SRR12588949 SRR12588950 SRR12588951 SRR12588952 SRR12588953 SRR12588954 SRR12588955 SRR12588956 SRR12588957 SRR12588958 SRR12588959 SRR12588960 SRR12588961 SRR12588962 SRR12588963 SRR12588964 SRR12588965 SRR12588966 SRR12588967 SRR12588968 SRR12588969 SRR12588970 SRR12588971 SRR12588972 SRR12588973 SRR12588974 SRR12588975 SRR12588976 SRR12588977 SRR12588978 SRR12588979 SRR12588980 SRR12588981 SRR12588982 SRR12588983 SRR12588984 SRR12588985 SRR12588986 SRR12588987 SRR12588988 SRR12588989 SRR12588990 SRR12588991 SRR12588992 SRR12588993 SRR12588994 SRR12588995 SRR12588996 SRR12588997 SRR12588998 SRR12588999 SRR12589000 SRR12589001 SRR12589002 SRR12589003 SRR12589004 SRR12589005 SRR12589006 SRR12589007 SRR12589008 SRR12589009 SRR12589010 SRR12589011 SRR12589012 SRR12589013 SRR12589014 SRR12589015 SRR12589016 SRR12589017 SRR12589018 SRR12589019 SRR12589020 SRR12589021 SRR12589022 SRR12589023 SRR12589024 SRR12589025 SRR12589026 SRR12589027 SRR12589028 SRR12589029 SRR12589030 SRR12589031 SRR12589032 SRR12589033 SRR12589034 SRR12589035 SRR12589036 SRR12589037 SRR12589038 SRR12589039 SRR12589040 SRR12589041 SRR12589042 SRR12589043 SRR12589044 SRR12589045 SRR12589046 SRR12589047 SRR12589048 SRR12589049 SRR12589050 SRR12589051 SRR12589052 SRR12589053 SRR12589054 SRR12589055 SRR12589056 SRR12589057 SRR12589058 SRR12589059 SRR12589060 SRR12589061 SRR12589062 SRR12589063 SRR12589064 SRR12589065 SRR12589066 SRR12589067 SRR12589068 SRR12589069
GSE157736,GPL20084,SRR12618449 SRR12618450 SRR12618451 SRR12618452 SRR12618453 SRR12618454
GSE71612,GPL14844,SRR2138375 SRR2138376 SRR2138377
GSE101112,GPL18694,SRR5816096 SRR5816097 SRR5816098 SRR5816102 SRR5816103 SRR5816104 SRR5816105 SRR5816106 SRR5816107
GSE109041,GPL20084,SRR6459120 SRR6459121 SRR6459122 SRR6459123 SRR6459124 SRR6459125 SRR6459126 SRR6459127 SRR6459128 SRR6459129 SRR6459130 SRR6459131
GSE125277,GPL20084,SRR6459120 SRR6459121 SRR6459122 SRR6459123 SRR6459124 SRR6459125 SRR6459126 SRR6459127 SRR6459128 SRR6459129 SRR6459130 SRR6459131 SRR8452111 SRR8452112 SRR8452113 SRR8452114 SRR8452115 SRR8452116 SRR8452117 SRR8452118 SRR8452119 SRR8452120 SRR8452121 SRR8452122
GSE109973,GPL18694,SRR6661071 SRR6661073 SRR6661074 SRR6661076
GSE114609,GPL19052,SRR7180885 SRR7180886 SRR7180887 SRR7180888 SRR7180889 SRR7180890 SRR7180891 SRR7180892
GSE115315,GPL18694,SRR7257290 SRR7257291 SRR7257292 SRR7257293
GSE116663,GPL22396,SRR7473789 SRR7473790 SRR7473791 SRR7473792 SRR7473793 SRR7473794 SRR7473795 SRR7473796 SRR7473797 SRR7473798 SRR7473799 SRR7473800
GSE117679,GPL18694,SRR7594968 SRR7594969 SRR7594970 SRR7594971 SRR7594972 SRR7594973
GSE117198,GPL25338,SRR7650963 SRR7650964 SRR7650965 SRR7650966 SRR7650967 SRR7650968 SRR7650969 SRR7650970 SRR7650971 SRR7650972 SRR7650973 SRR7650974 SRR7650975 SRR7650976
GSE118323,GPL22396,SRR7661936 SRR7661937 SRR7661938 SRR7661939 SRR7661940 SRR7661941
GSE118559,GPL20084,SRR7695247 SRR7695248 SRR7695249 SRR7695250 SRR7695251 SRR7695252 SRR7695253 SRR7695254 SRR7695255 SRR7695256
GSE119435,GPL20084,SRR7782810 SRR7782811 SRR7782812 SRR7782813 SRR7782814 SRR7782815 SRR7782816 SRR7782817 SRR7782818 SRR7782819 SRR7782820 SRR7782821
GSE121109,GPL18694,SRR8003544 SRR8003545 SRR8003546 SRR8003547 SRR8003548 SRR8003549 SRR8003550 SRR8003551 SRR8003552 SRR8003553 SRR8003554 SRR8003555 SRR8003556 SRR8003557 SRR8003558 SRR8003559 SRR8003560 SRR8003561 SRR8003562 SRR8003563 SRR8003564 SRR8003565 SRR8003566 SRR8003567
GSE121924,GPL22396,SRR8129819 SRR8129820 SRR8129821 SRR8129822 SRR8129823 SRR8129824 SRR8129825 SRR8129826
GSE122044,GPL14844,SRR8142630 SRR8142631 SRR8142632 SRR8142633 SRR8142634 SRR8142635 SRR8142636 SRR8142637 SRR8142638 SRR8142639 SRR8142640 SRR8142641 SRR8142642 SRR8142643 SRR8142644 SRR8142645 SRR8142646 SRR8142647 SRR8142648 SRR8142649
GSE122044,GPL18694,SRR8142583 SRR8142584 SRR8142585 SRR8142586 SRR8142587 SRR8142588 SRR8142589 SRR8142590 SRR8142591 SRR8142592 SRR8142593 SRR8142594 SRR8142595 SRR8142596 SRR8142597 SRR8142598 SRR8142599 SRR8142600 SRR8142601 SRR8142602 SRR8142603 SRR8142604 SRR8142605 SRR8142606 SRR8142607 SRR8142608 SRR8142609 SRR8142610 SRR8142611 SRR8142612 SRR8142623 SRR8142624
GSE122792,GPL24782,SRR8224900 SRR8224901 SRR8224902 SRR8224903 SRR8224904 SRR8224905
GSE123542,GPL24688,SRR8309302 SRR8309303 SRR8309304 SRR8309305 SRR8309306 SRR8309307 SRR8309308 SRR8309309 SRR8309310
GSE123598,GPL18694,SRR8310904 SRR8310905 SRR8310906 SRR8310907 SRR8310908 SRR8310909 SRR8310910 SRR8310911 SRR8310912 SRR8310913 SRR8310914 SRR8310915 SRR8310916 SRR8310917 SRR8310918 SRR8310919 SRR8310920 SRR8310921
GSE124002,GPL24688,SRR8335076 SRR8335077 SRR8335078 SRR8335079 SRR8335080 SRR8335081 SRR8335082 SRR8335083 SRR8335084 SRR8335085 SRR8335086 SRR8335087 SRR8335088 SRR8335089 SRR8335090 SRR8335091 SRR8335092 SRR8335093 SRR8335094 SRR8335095 SRR8335096 SRR8335097 SRR8335098 SRR8335099 SRR8335100 SRR8335101 SRR8335102 SRR8335103 SRR8335104
GSE124109,GPL18694,SRR8353396 SRR8353397 SRR8353398 SRR8353399 SRR8353400 SRR8353401 SRR8353402 SRR8353403 SRR8353404 SRR8353405 SRR8353406 SRR8353407 SRR8353408 SRR8353409 SRR8353410 SRR8353411 SRR8353412 SRR8353413 SRR8353414 SRR8353415 SRR8353416 SRR8353417 SRR8353418 SRR8353419 SRR8353420 SRR8353421 SRR8353422 SRR8353423 SRR8353424 SRR8353425
GSE124332,GPL20084,SRR8368443 SRR8368444 SRR8368445 SRR8368446 SRR8368447 SRR8368448 SRR8368449 SRR8368450 SRR8368451 SRR8368452 SRR8368453 SRR8368454 SRR8368455 SRR8368456 SRR8368457 SRR8368458 SRR8368459 SRR8368460 SRR8368461 SRR8368462 SRR8368463 SRR8368464 SRR8368465 SRR8368466 SRR8368467 SRR8368468 SRR8368469 SRR8368470 SRR8368471 SRR8368472 SRR8368473 SRR8368474 SRR8368475 SRR8368476 SRR8368477 SRR8368478 SRR8368479 SRR8368480 SRR8368481 SRR8368482 SRR8368483 SRR8368484 SRR8368485 SRR8368486 SRR8368487 SRR8368488 SRR8368489 SRR8368490 SRR8368491 SRR8368492 SRR8368493 SRR8368494 SRR8368495 SRR8368496 SRR8368497 SRR8368498 SRR8368499 SRR8368500 SRR8368501 SRR8368502 SRR8368503 SRR8368504 SRR8368505 SRR8368506 SRR8368507 SRR8368508 SRR8368509 SRR8368510 SRR8368511 SRR8368512 SRR8368513 SRR8368514 SRR8368515 SRR8368516 SRR8368517 SRR8368518 SRR8368519 SRR8368520 SRR8368521 SRR8368522 SRR8368523 SRR8368524 SRR8368525 SRR8368526 SRR8368527 SRR8368528 SRR8368529 SRR8368530 SRR8368531 SRR8368532 SRR8368533 SRR8368534 SRR8368535 SRR8368536 SRR8368537 SRR8368538 SRR8368539 SRR8368540 SRR8368541 SRR8368542 SRR8368543 SRR8368544 SRR8368545 SRR8368546 SRR8368547 SRR8368548 SRR8368549 SRR8368550 SRR8368551 SRR8368552 SRR8368553 SRR8368554 SRR8368555 SRR8368556 SRR8368557 SRR8368558 SRR8368559 SRR8368560 SRR8368561 SRR8368562
GSE124592,GPL18694,SRR8387824 SRR8387825 SRR8387826 SRR8387827 SRR8387828 SRR8387829 SRR8387830 SRR8387831 SRR8387832 SRR8387833 SRR8387834 SRR8387835 SRR8387836 SRR8387837 SRR8387838 SRR8387839 SRR8387840 SRR8387841 SRR8387842 SRR8387843 SRR8387844 SRR8387845 SRR8387846 SRR8387847 SRR8387848 SRR8387849 SRR8387850 SRR8387851 SRR8387852 SRR8387853 SRR8387854 SRR8387855
GSE124833,GPL18694,SRR8420588 SRR8420589 SRR8420590 SRR8420591 SRR8420592 SRR8420593
GSE125276,GPL20084,SRR8452111 SRR8452112 SRR8452113 SRR8452114 SRR8452115 SRR8452116 SRR8452117 SRR8452118 SRR8452119 SRR8452120 SRR8452121 SRR8452122
GSE125298,GPL22396,SRR8453427 SRR8453428 SRR8453429 SRR8453430 SRR8453431 SRR8453432 SRR8453433 SRR8453434 SRR8453435 SRR8453436 SRR8453437 SRR8453438
GSE125483,GPL18694,SRR8474382 SRR8474383 SRR8474384 SRR8474385 SRR8474386 SRR8474387 SRR8474388 SRR8474389 SRR8474391 SRR8474393 SRR8474395 SRR8474396 SRR8474397 SRR8474398 SRR8474399 SRR8474402 SRR8474403 SRR8474404 SRR8474405 SRR8474406 SRR8474407 SRR8474408 SRR8474411 SRR8474413 SRR8474414 SRR8474415 SRR8474417 SRR8474418 SRR8474420 SRR8474421 SRR8474422 SRR8474423 SRR8474425 SRR8474426 SRR8474427 SRR8474428 SRR8474430 SRR8474431 SRR8474432 SRR8474433 SRR8474434 SRR8474435 SRR8474436 SRR8474438 SRR8474439 SRR8474440 SRR8474441 SRR8474443 SRR8474445 SRR8474446 SRR8474447 SRR8474449 SRR8474450 SRR8474453 SRR8474454 SRR8474455 SRR8474456 SRR8474457
GSE126023,GPL22396,SRR8522963 SRR8522964 SRR8522965 SRR8522966 SRR8522967 SRR8522968
GSE127000,GPL18694,SRR8618434 SRR8618435 SRR8618436 SRR8618437 SRR8618438 SRR8618439 SRR8618440 SRR8618441 SRR8618442 SRR8618443 SRR8618445 SRR8618446 SRR8618447 SRR8618448 SRR8618449 SRR8618450 SRR8618451 SRR8618452 SRR8618453 SRR8618454 SRR8618455 SRR8618456 SRR8618457 SRR8618458 SRR8618459 SRR8618460 SRR8618461 SRR8618462 SRR8618463 SRR8618464 SRR8618465 SRR8618467 SRR8618468 SRR8618469 SRR8618470 SRR8618471 SRR8618472 SRR8618473 SRR8618474 SRR8618475
GSE127229,GPL18694,SRR8637402 SRR8637403 SRR8637404 SRR8637405 SRR8637406 SRR8637407 SRR8637408 SRR8637409 SRR8637410
GSE127230,GPL18694,SRR8637402 SRR8637403 SRR8637404 SRR8637405 SRR8637406 SRR8637407 SRR8637408 SRR8637409 SRR8637410
GSE128136,GPL18694,SRR8711044 SRR8711045 SRR8711046 SRR8711047 SRR8711048 SRR8711049 SRR8711056 SRR8711057 SRR8711058 SRR8711059 SRR8711060 SRR8711061
GSE128136,GPL22396,SRR8711050 SRR8711051 SRR8711052 SRR8711053 SRR8711054 SRR8711055
GSE128824,GPL20084,SRR8783703 SRR8783704 SRR8783705 SRR8783706 SRR8783707 SRR8783708 SRR8783709 SRR8783710 SRR8783711 SRR8783712 SRR8783713 SRR8783714 SRR8783715 SRR8783716 SRR8783717 SRR8783718 SRR8783719 SRR8783720 SRR8783721 SRR8783722 SRR8783723 SRR8783724 SRR8783725 SRR8783726 SRR8783727 SRR8783728 SRR8783729 SRR8783730 SRR8783731 SRR8783732 SRR8783733 SRR8783734 SRR8783735 SRR8783736 SRR8783737 SRR8783738 SRR8783739 SRR8783740 SRR8783741 SRR8783742 SRR8783743 SRR8783744 SRR8783745 SRR8783746 SRR8783747 SRR8783748 SRR8783749 SRR8783750 SRR8783751 SRR8783752 SRR8783753 SRR8783754 SRR8783755 SRR8783756 SRR8783757 SRR8783758 SRR8783759 SRR8783760 SRR8783761 SRR8783762 SRR8783763 SRR8783764 SRR8783765 SRR8783766 SRR8783767 SRR8783768 SRR8783769 SRR8783770 SRR8783771 SRR8783772 SRR8783773 SRR8783774 SRR8783775 SRR8783776 SRR8783777 SRR8783778 SRR8783779 SRR8783780 SRR8783781 SRR8783782 SRR8783783 SRR8783784 SRR8783785 SRR8783786 SRR8783787 SRR8783788 SRR8783789 SRR8783790 SRR8783791 SRR8783792 SRR8783793 SRR8783794 SRR8783795 SRR8783796 SRR8783797 SRR8783798 SRR8783799 SRR8783800 SRR8783801 SRR8783802 SRR8783803 SRR8783804 SRR8783805 SRR8783806 SRR8783807 SRR8783808 SRR8783809 SRR8783810 SRR8783811 SRR8783812 SRR8783813 SRR8783814 SRR8783815 SRR8783816 SRR8783817 SRR8783818 SRR8783819 SRR8783820 SRR8783821 SRR8783822 SRR8783823 SRR8783824 SRR8783825 SRR8783826 SRR8783827 SRR8783828 SRR8783829 SRR8783830 SRR8783831 SRR8783832 SRR8783833 SRR8783834 SRR8783835 SRR8783836 SRR8783837 SRR8783838 SRR8783839 SRR8783840 SRR8783841 SRR8783842 SRR8783843 SRR8783844 SRR8783845 SRR8783846 SRR8783847 SRR8783848 SRR8783849 SRR8783850 SRR8783851 SRR8783852 SRR8783853 SRR8783854 SRR8783855 SRR8783856 SRR8783857 SRR8783858 SRR8783859 SRR8783860 SRR8783861 SRR8783862 SRR8783863 SRR8783864 SRR8783865 SRR8783866 SRR8783867 SRR8783868 SRR8783869 SRR8783870 SRR8783871 SRR8783872 SRR8783873 SRR8783874 SRR8783875 SRR8783876 SRR8783877 SRR8783878 SRR8783879 SRR8783880 SRR8783881 SRR8783882 SRR8783883 SRR8783884 SRR8783885 SRR8783886 SRR8783887 SRR8783888 SRR8783889 SRR8783890 SRR8783891 SRR8783892 SRR8783893 SRR8783894 SRR8783895 SRR8783896 SRR8783897 SRR8783898 SRR8783899 SRR8783900 SRR8783901 SRR8783902 SRR8783903 SRR8783904 SRR8783905 SRR8783906 SRR8783907 SRR8783908 SRR8783909 SRR8783910 SRR8783911 SRR8783912 SRR8783913 SRR8783914 SRR8783915 SRR8783916 SRR8783917 SRR8783918 SRR8783919 SRR8783920 SRR8783921 SRR8783922 SRR8783923 SRR8783924 SRR8783925 SRR8783926 SRR8783927 SRR8783928 SRR8783929 SRR8783930 SRR8783931 SRR8783932 SRR8783933 SRR8783934 SRR8783935 SRR8783936 SRR8783937 SRR8783938 SRR8783939 SRR8783940 SRR8783941 SRR8783942 SRR8783943 SRR8783944 SRR8783945 SRR8783946 SRR8783947 SRR8783948 SRR8783949 SRR8783950 SRR8783951 SRR8783952 SRR8783953 SRR8783954 SRR8783955 SRR8783956 SRR8783957 SRR8783958 SRR8783959 SRR8783960 SRR8783961 SRR8783962
GSE129399,GPL22396,SRR8859724 SRR8859725 SRR8859726 SRR8859727 SRR8859728 SRR8859729 SRR8859730 SRR8859731
GSE129525,GPL22396,SRR8870226 SRR8870228 SRR8870229 SRR8870230 SRR8870231 SRR8870232 SRR8870233 SRR8870234 SRR8870235 SRR8870236 SRR8870237 SRR8870238 SRR8870239 SRR8870240 SRR8870241 SRR8870242 SRR8870243 SRR8870244
GSE129539,GPL14844,SRR8870807 SRR8870808 SRR8870809 SRR8870810 SRR8870811 SRR8870812 SRR8870813 SRR8870814 SRR8870815 SRR8870816 SRR8870817 SRR8870818 SRR8870819 SRR8870820 SRR8870821 SRR8870822
GSE129694,GPL20084,SRR8885465 SRR8885466 SRR8885467 SRR8885468 SRR8885469 SRR8885470 SRR8885471 SRR8885472 SRR8885473 SRR8885474 SRR8885475 SRR8885476 SRR8885477 SRR8885478 SRR8885479 SRR8885480 SRR8885481 SRR8885482 SRR8885483 SRR8885484
GSE129814,GPL18694,SRR8898753 SRR8898755 SRR8898756 SRR8898757 SRR8898758 SRR8898759 SRR8898760 SRR8898761 SRR8898743 SRR8898744 SRR8898745 SRR8898746 SRR8898747 SRR8898748 SRR8898749 SRR8898750 SRR8898751 SRR8898752
GSE130276,GPL22396,SRR8951333 SRR8951334 SRR8951335 SRR8951336 SRR8951337 SRR8951338 SRR8951339 SRR8951340 SRR8951341 SRR8951342 SRR8951344 SRR8951345 SRR8951346 SRR8951347 SRR8951348 SRR8951349 SRR8951350 SRR8951351 SRR8951352 SRR8951353 SRR8951354 SRR8951355 SRR8951356 SRR8951357 SRR8951358 SRR8951359 SRR8951360 SRR8951361 SRR8951362 SRR8951363
GSE130434,GPL23945,SRR8984486 SRR8984487 SRR8984488 SRR8984489 SRR8984490 SRR8984491 SRR8984492 SRR8984493 SRR8984494 SRR8984495 SRR8984496 SRR8984497
GSE130436,GPL23945,SRR8984486 SRR8984487 SRR8984488 SRR8984489 SRR8984490 SRR8984491 SRR8984492 SRR8984493 SRR8984494 SRR8984495 SRR8984496 SRR8984497
GSE130651,GPL22396,SRR9005158 SRR9005159 SRR9005160 SRR9005161 SRR9005162 SRR9005163 SRR9005164 SRR9005165 SRR9005166 SRR9005167
GSE130796,GPL18694,SRR9022808 SRR9022809 SRR9022810 SRR9022811 SRR9022812 SRR9022813
GSE130797,GPL18694,SRR9022808 SRR9022809 SRR9022810 SRR9022811 SRR9022812 SRR9022813
GSE131289,GPL14844,SRR9062713 SRR9062714 SRR9062715 SRR9062716 SRR9062717 SRR9062718 SRR9062719 SRR9062720 SRR9062721 SRR9062722 SRR9062723 SRR9062724 SRR9062725 SRR9062726 SRR9062727 SRR9062728 SRR9062729 SRR9062730 SRR9062731 SRR9062732
GSE131544,GPL18694,SRR9099114 SRR9099115 SRR9099116 SRR9099118 SRR9099119 SRR9099120 SRR9099121 SRR9099122 SRR9099124 SRR9099125
GSE131544,GPL22396,SRR9099105 SRR9099106 SRR9099107 SRR9099108 SRR9099109 SRR9099111 SRR9099113
GSE131704,GPL25029,SRR9114499 SRR9114501 SRR9114502 SRR9114503 SRR9114504 SRR9114506 SRR9114507 SRR9114508 SRR9114509 SRR9114510 SRR9114511 SRR9114512 SRR9114513 SRR9114514 SRR9114515 SRR9114516 SRR9114517 SRR9114518 SRR9114519 SRR9114520 SRR9114521 SRR9114522 SRR9114523 SRR9114524 SRR9114525 SRR9114526 SRR9114527 SRR9114528 SRR9114529 SRR9114530 SRR9114531 SRR9114532 SRR9114533 SRR9114535 SRR9114536 SRR9114537 SRR9114538 SRR9114539 SRR9114540 SRR9114541 SRR9114542 SRR9114543 SRR9114544 SRR9114545 SRR9114546 SRR9114547 SRR9114548 SRR9114549 SRR9114550 SRR9114551 SRR9114552 SRR9114553 SRR9114554
GSE131750,GPL20084,SRR9118533 SRR9118534 SRR9118535 SRR9118536 SRR9118539 SRR9118540 SRR9118541 SRR9118542 SRR9118543 SRR9118544
GSE131975,GPL22396,SRR9162616 SRR9162617 SRR9162618 SRR9162619 SRR9162620 SRR9162621
GSE132491,GPL22396,SRR9261660 SRR9261661 SRR9261662 SRR9261666 SRR9261667 SRR9261668 SRR9261669 SRR9261670 SRR9261671 SRR9261672 SRR9261673
GSE132815,GPL20084,SRR9309255 SRR9309256 SRR9309257 SRR9309258 SRR9309259 SRR9309260 SRR9309261 SRR9309262 SRR9309263 SRR9309264 SRR9309265 SRR9309266 SRR9309267 SRR9309268 SRR9309269 SRR9309270 SRR9309271 SRR9309272 SRR9309273 SRR9309274 SRR9309275 SRR9309276 SRR9309277 SRR9309278 SRR9309279 SRR9309281 SRR9309282 SRR9309283 SRR9309284 SRR9309285 SRR9309286 SRR9309287 SRR9309288 SRR9309289 SRR9309290 SRR9309291 SRR9309292 SRR9309293 SRR9309294 SRR9309295 SRR9309296 SRR9309297 SRR9309298 SRR9309299 SRR9309300 SRR9309301 SRR9309302 SRR9309303 SRR9309304 SRR9309305 SRR9309306 SRR9309307 SRR9309308 SRR9309309 SRR9309310 SRR9309311 SRR9309312 SRR9309313 SRR9309314 SRR9309315 SRR9309316 SRR9309317 SRR9309318 SRR9309319 SRR9309320 SRR9309321 SRR9309322 SRR9309323 SRR9309324 SRR9309325 SRR9309326 SRR9309327 SRR9309328 SRR9309329 SRR9309330 SRR9309331 SRR9309332 SRR9309333 SRR9309334 SRR9309335 SRR9309336 SRR9309337 SRR9309338 SRR9309339 SRR9309340 SRR9309341 SRR9309342 SRR9309343 SRR9309344 SRR9309345 SRR9309346 SRR9309347 SRR9309348 SRR9309349 SRR9309350 SRR9309352 SRR9309353 SRR9309354 SRR9309355 SRR9309356 SRR9309357 SRR9309358 SRR9309359 SRR9309360 SRR9309361 SRR9309362 SRR9309363 SRR9309364 SRR9309365 SRR9309366 SRR9309367 SRR9309368 SRR9309369 SRR9309370 SRR9309371 SRR9309372 SRR9309373 SRR9309374 SRR9309375 SRR9309376 SRR9309377 SRR9309378 SRR9309379 SRR9309380 SRR9309381 SRR9309382 SRR9309383 SRR9309384 SRR9309385 SRR9309386 SRR9309387 SRR9309388 SRR9309389 SRR9309390 SRR9309391 SRR9309392 SRR9309393 SRR9309394 SRR9309395 SRR9309396 SRR9309397 SRR9309398 SRR9309399
GSE133093,GPL20084,SRR9332328 SRR9332329 SRR9332330 SRR9332331 SRR9332332 SRR9332333 SRR9332334 SRR9332335 SRR9332336 SRR9332337 SRR9332338 SRR9332339 SRR9332340 SRR9332341 SRR9332342 SRR9332343 SRR9332344
GSE133157,GPL14844,SRR9409775 SRR9409776 SRR9409777 SRR9409778 SRR9409779 SRR9409780 SRR9409781 SRR9409782
GSE133293,GPL20084,SRR9600958 SRR9600959 SRR9600960 SRR9600961 SRR9600962 SRR9600963 SRR9600964 SRR9600965 SRR9600966 SRR9600967 SRR9600968 SRR9600969 SRR9600970 SRR9600971 SRR9600972 SRR9600973 SRR9600974 SRR9600975 SRR9600976 SRR9600977 SRR9600978 SRR9600979 SRR9600980 SRR9600981 SRR9600982 SRR9600983 SRR9600984 SRR9600985 SRR9600986 SRR9600987 SRR9600988 SRR9600989
GSE133402,GPL22396,SRR9606550 SRR9606551 SRR9606552 SRR9606553 SRR9606554 SRR9606555 SRR9606556 SRR9606557 SRR9606558 SRR9606559 SRR9606560 SRR9606561
GSE133750,GPL24688,SRR9639750 SRR9639751 SRR9639752 SRR9639753 SRR9639754 SRR9639755 SRR9639756 SRR9639757 SRR9639758 SRR9639759 SRR9639760 SRR9639761
GSE133951,GPL20084,SRR9652923 SRR9652924 SRR9652925 SRR9652926 SRR9652927 SRR9652928 SRR9652929 SRR9652930 SRR9652931 SRR9652932 SRR9652933 SRR9652934 SRR9652935 SRR9652936 SRR9652937 SRR9652938 SRR9652939
GSE134203,GPL20084,SRR9675255 SRR9675256 SRR9675257 SRR9675258 SRR9675259 SRR9675260 SRR9675261 SRR9675262
GSE134272,GPL14844,SRR9682415 SRR9682416 SRR9682417 SRR9682418 SRR9682419 SRR9682420 SRR9682421 SRR9682422 SRR9682402 SRR9682403 SRR9682404 SRR9682405 SRR9682406 SRR9682407 SRR9682408 SRR9682409 SRR9682410 SRR9682411 SRR9682412 SRR9682413 SRR9682414
GSE134309,GPL25947,SRR9688650 SRR9688651 SRR9688652 SRR9688653 SRR9688654 SRR9688655 SRR9688656 SRR9688657 SRR9688658 SRR9688659 SRR9688660 SRR9688661 SRR9688662 SRR9688663 SRR9688664
GSE134340,GPL20084,SRR9693103 SRR9693104 SRR9693105 SRR9693106 SRR9693107 SRR9693108 SRR9693109 SRR9693110 SRR9693111 SRR9693112 SRR9693113 SRR9693114 SRR9693115 SRR9693116 SRR9693117 SRR9693118 SRR9693119 SRR9693120 SRR9693121 SRR9693122 SRR9693123 SRR9693124 SRR9693125
GSE134569,GPL25947,SRR9718810 SRR9718811 SRR9718812 SRR9718813 SRR9718814 SRR9718815 SRR9718816 SRR9718817 SRR9718818 SRR9718819 SRR9718820 SRR9718821 SRR9718822 SRR9718823 SRR9718824 SRR9718825 SRR9718826 SRR9718827 SRR9718828 SRR9718829 SRR9718830 SRR9718831 SRR9718832 SRR9718833 SRR9718834 SRR9718835 SRR9718836 SRR9718837 SRR9718838 SRR9718839 SRR9718840 SRR9718841 SRR9718842 SRR9718843 SRR9718844 SRR9718845 SRR9718846 SRR9718847 SRR9718848 SRR9718849 SRR9718850 SRR9718851 SRR9718852 SRR9718853 SRR9718854 SRR9718855 SRR9718856 SRR9718857 SRR9718858 SRR9718859 SRR9718860 SRR9718861 SRR9718862 SRR9718863 SRR9718864 SRR9718865 SRR9718866 SRR9718867 SRR9718868 SRR9718869 SRR9718870 SRR9718871 SRR9718872 SRR9718873 SRR9718874 SRR9718875 SRR9718876 SRR9718877 SRR9718878 SRR9718879 SRR9718880 SRR9718881 SRR9718882 SRR9718883 SRR9718884 SRR9718885 SRR9718886 SRR9718887 SRR9718888 SRR9718889 SRR9718890 SRR9718891 SRR9718892 SRR9718893 SRR9718894 SRR9718895 SRR9718896 SRR9718897 SRR9718898 SRR9718899
GSE134715,GPL23945,SRR9734295 SRR9734296 SRR9734297 SRR9734298 SRR9734299 SRR9734300 SRR9734301 SRR9734302 SRR9734303 SRR9734305 SRR9734306 SRR9734307 SRR9734308 SRR9734309 SRR9734310 SRR9734311 SRR9734312 SRR9734313 SRR9734314 SRR9734315 SRR9734316 SRR9734317 SRR9734318 SRR9734319 SRR9734320 SRR9734321 SRR9734322 SRR9734323 SRR9734324 SRR9734325 SRR9734326 SRR9734327 SRR9734328 SRR9734329 SRR9734330 SRR9734331 SRR9734332 SRR9734333 SRR9734334 SRR9734335 SRR9734336 SRR9734337 SRR9734338 SRR9734339 SRR9734340 SRR9734341 SRR9734342
GSE134765,GPL22396,SRR9822273 SRR9822274 SRR9822275 SRR9822276 SRR9822277 SRR9822278
GSE134706,GPL20084,SRR9825016 SRR9825017 SRR9825018
GSE134707,GPL20084,SRR9825134 SRR9825135 SRR9825136 SRR9825137 SRR9825138 SRR9825139 SRR9825016 SRR9825017 SRR9825018
GSE134705,GPL20084,SRR9825134 SRR9825135 SRR9825136 SRR9825137 SRR9825138 SRR9825139
GSE134804,GPL22396,SRR9827036 SRR9827037 SRR9827038 SRR9827039 SRR9827040 SRR9827041 SRR9827042 SRR9827043 SRR9827044 SRR9827045 SRR9827046 SRR9827047 SRR9827048 SRR9827049 SRR9827050 SRR9827051 SRR9827052 SRR9827053 SRR9827054 SRR9827055 SRR9827056 SRR9827057 SRR9827058 SRR9827059 SRR9827060 SRR9827061 SRR9827062 SRR9827063 SRR9827064 SRR9827065 SRR9827066 SRR9827067 SRR9827068 SRR9827069 SRR9827070 SRR9827071 SRR9827072 SRR9827073 SRR9827074 SRR9827075 SRR9827076 SRR9827077 SRR9827078 SRR9827079 SRR9827080 SRR9827081 SRR9827082 SRR9827083 SRR9827084 SRR9827085
GSE134935,GPL14844,SRR9843113 SRR9843114 SRR9843115 SRR9843116 SRR9843117 SRR9843118 SRR9843119 SRR9843120 SRR9843121 SRR9843122 SRR9843123 SRR9843124 SRR9843125 SRR9843126 SRR9843127 SRR9843128 SRR9843129 SRR9843130
GSE135061,GPL18694,SRR9856753 SRR9856754 SRR9856755 SRR9856756 SRR9856757 SRR9856758 SRR9856759 SRR9856760 SRR9856761 SRR9856762 SRR9856763 SRR9856764 SRR9856765 SRR9856766 SRR9856767 SRR9856768 SRR9856769 SRR9856770
GSE135073,GPL22396,SRR9858318 SRR9858319 SRR9858320 SRR9858321 SRR9858322 SRR9858323 SRR9858324 SRR9858325
GSE135388,GPL20084,SRR9906331 SRR9906332 SRR9906333 SRR9906334 SRR9906335 SRR9906336 SRR9906337 SRR9906338 SRR9906339 SRR9906340 SRR9906341 SRR9906342 SRR9906343 SRR9906344 SRR9906345 SRR9906346 SRR9906347 SRR9906348
GSE135611,GPL14844,SRR9937044 SRR9937045 SRR9937046 SRR9937047 SRR9937048 SRR9937049 SRR9937050 SRR9937051 SRR9937052 SRR9937053 SRR9937054 SRR9937055 SRR9937056 SRR9937057 SRR9937058 SRR9937059 SRR9937060 SRR9937061 SRR9937062 SRR9937063 SRR9937064
GSE135700,GPL25947,SRR9948703 SRR9948704 SRR9948705 SRR9948706 SRR9948707 SRR9948708 SRR9948709 SRR9948710 SRR9948711 SRR9948712 SRR9948713 SRR9948714 SRR9948715 SRR9948716 SRR9948717
